year,101,102,103,104,105,106,107,108,109,110,111,112,113,114,115,116,117,118,119,120,121,122,123,124,125,126,127,128,129,130,131,201,202,203,204,205,206,207,208,209,210,211,212,213,214,215,216,217,218,219,220,221,222,223,224,225,226,227,228,229,301,302,303,304,305,306,307,308,309,310,311,312,313,314,315,316,317,318,319,320,321,322,323,324,325,326,327,328,329,330,331,401,402,403,404,405,406,407,408,409,410,411,412,413,414,415,416,417,418,419,420,421,422,423,424,425,426,427,428,429,430,501,502,503,504,505,506,507,508,509,510,511,512,513,514,515,516,517,518,519,520,521,522,523,524,525,526,527,528,529,530,531,601,602,603,604,605,606,607,608,609,610,611,612,613,614,615,616,617,618,619,620,621,622,623,624,625,626,627,628,629,630,701,702,703,704,705,706,707,708,709,710,711,712,713,714,715,716,717,718,719,720,721,722,723,724,725,726,727,728,729,730,731,801,802,803,804,805,806,807,808,809,810,811,812,813,814,815,816,817,818,819,820,821,822,823,824,825,826,827,828,829,830,831,901,902,903,904,905,906,907,908,909,910,911,912,913,914,915,916,917,918,919,920,921,922,923,924,925,926,927,928,929,930,1001,1002,1003,1004,1005,1006,1007,1008,1009,1010,1011,1012,1013,1014,1015,1016,1017,1018,1019,1020,1021,1022,1023,1024,1025,1026,1027,1028,1029,1030,1031,1101,1102,1103,1104,1105,1106,1107,1108,1109,1110,1111,1112,1113,1114,1115,1116,1117,1118,1119,1120,1121,1122,1123,1124,1125,1126,1127,1128,1129,1130,1201,1202,1203,1204,1205,1206,1207,1208,1209,1210,1211,1212,1213,1214,1215,1216,1217,1218,1219,1220,1221,1222,1223,1224,1225,1226,1227,1228,1229,1230,1231
2002,15.4,13.8,13.4,13.0,14.5,15.3,15.4,15.4,16.6,16.1,17.2,19.3,20.5,20.6,22.6,22.8,17.8,17.5,15.2,13.9,11.2,11.4,13.1,15.3,17.1,14.3,11.8,12.1,11.5,13.3,15.2,13.9,11.7,14.7,18.5,15.1,15.2,17.1,17.7,17.5,14.2,14.6,16.4,17.0,19.0,17.1,18.2,20.0,19.4,16.4,17.7,18.5,19.4,19.0,16.3,18.5,19.5,20.0,20.8,,21.4,20.9,19.7,22.3,22.5,13.9,17.2,19.6,20.8,20.6,21.3,21.4,23.5,21.7,21.3,19.0,18.4,19.3,20.9,21.8,24.0,22.4,18.5,19.7,19.9,23.0,22.1,23.8,21.0,17.6,21.7,21.7,24.4,24.7,23.9,25.5,26.2,26.0,25.3,20.5,21.3,18.4,17.1,22.3,23.6,24.8,26.7,23.8,20.2,23.4,24.6,25.7,27.1,27.2,24.5,19.6,19.8,21.8,23.5,25.3,25.8,25.7,26.2,27.1,27.3,27.9,27.2,27.6,27.4,26.6,26.6,25.8,25.0,26.3,26.5,26.1,26.0,21.8,24.8,25.2,26.4,26.2,29.6,23.0,23.3,25.1,26.1,25.6,26.9,28.5,28.6,25.0,26.1,26.4,27.6,27.0,27.8,27.7,28.1,29.5,29.0,29.7,28.3,26.3,25.0,27.2,27.1,26.9,26.1,27.4,28.8,29.6,30.1,30.0,30.7,31.0,31.2,29.0,28.6,29.5,30.4,29.6,28.5,29.6,27.6,28.1,29.9,28.7,30.0,27.8,27.4,26.7,28.4,29.5,30.0,30.4,30.4,31.1,29.6,26.7,28.5,28.8,29.3,29.2,28.8,29.1,29.7,30.2,30.3,30.5,30.1,30.4,29.4,29.3,30.0,30.4,27.3,28.3,27.5,27.8,27.5,27.7,28.0,29.6,29.9,30.5,30.8,30.5,30.7,30.6,30.8,30.7,30.7,30.3,30.0,30.1,31.2,30.2,29.8,29.6,29.6,30.2,29.8,29.9,27.5,27.0,28.3,27.3,27.5,25.3,24.4,27.4,29.0,29.7,28.9,28.2,27.9,28.1,27.9,26.7,27.9,27.9,26.9,26.9,26.0,25.9,24.5,25.7,24.3,23.3,25.3,25.4,26.1,23.6,25.5,26.3,26.2,27.4,27.8,24.5,22.1,21.4,23.4,23.0,26.6,27.9,27.9,27.6,26.3,26.9,26.6,26.1,24.2,24.7,21.6,21.4,21.8,21.7,24.0,22.7,20.9,23.3,25.5,26.2,25.2,20.3,18.9,19.0,17.5,20.7,22.2,25.0,22.6,19.6,21.0,21.7,23.4,23.9,23.4,22.4,19.2,19.3,18.8,20.6,21.7,21.0,21.4,20.3,18.9,16.5,16.0,17.9,18.8,19.6,19.7,20.6,23.0,22.4,23.6,22.7,22.5,22.2,15.2,12.5,14.2,18.2,15.1,16.6,19.7,19.2,20.1,21.6,21.1,19.5,20.6,19.4,18.8,18.9,19.0,15.5,12.8,12.4,14.8,17.8,18.6,15.2
2003,15.4,18.5,13.9,13.6,11.8,14.6,14.0,15.6,17.4,13.7,14.1,15.0,15.5,16.6,15.2,17.7,19.2,19.1,17.4,16.9,17.8,16.5,14.0,17.2,17.7,19.0,13.4,11.6,13.5,17.0,17.0,14.7,12.3,14.3,12.0,12.2,14.9,16.6,16.6,20.5,19.7,16.3,14.0,16.0,18.4,20.7,18.1,17.1,18.8,16.6,15.8,18.2,21.0,20.8,16.8,19.1,21.6,19.6,21.0,,21.9,21.6,20.3,14.2,19.5,16.9,12.2,13.2,13.8,12.5,17.3,18.8,17.6,19.1,21.1,21.9,21.4,15.6,13.0,13.1,15.0,15.4,18.4,17.0,20.2,22.6,20.8,16.4,18.8,22.6,23.4,25.4,26.7,18.9,17.3,17.3,20.7,20.6,20.6,17.7,21.6,23.1,25.5,24.6,19.6,18.8,24.1,25.1,25.4,25.5,26.6,23.3,27.3,28.3,26.4,26.6,22.7,25.8,26.8,26.7,21.8,20.3,24.2,25.3,25.9,26.0,27.0,29.1,23.8,22.0,24.1,26.4,27.5,27.6,26.7,25.3,23.1,24.6,21.6,23.5,25.9,26.4,26.0,26.3,26.8,24.9,24.4,23.1,23.8,24.6,26.4,25.1,25.7,26.2,25.5,26.1,26.8,25.1,23.6,25.1,25.0,25.8,27.4,27.1,27.5,26.7,25.3,25.9,28.1,24.6,27.5,26.6,26.6,28.1,28.9,29.4,28.6,29.4,30.6,30.2,30.4,30.5,30.0,29.8,30.1,29.8,29.5,30.8,31.1,28.4,27.1,27.9,27.5,29.2,30.5,31.3,31.6,31.0,30.8,30.8,30.4,30.8,30.3,31.6,33.2,30.2,30.2,30.6,28.8,30.4,30.8,31.2,30.4,29.8,30.5,31.3,28.3,29.1,30.0,30.7,31.8,31.7,30.5,28.0,28.0,28.1,29.4,28.4,30.4,30.4,31.3,28.8,27.1,29.3,30.3,30.9,29.1,28.5,28.0,29.1,29.1,29.4,28.9,29.6,28.0,28.4,30.5,30.6,30.7,30.2,29.9,29.8,29.9,26.6,26.1,28.0,29.2,28.2,29.3,29.5,29.5,29.5,28.8,27.3,24.1,24.4,24.4,26.1,27.2,26.2,27.1,27.1,26.7,27.6,27.2,27.5,27.5,24.3,25.4,25.0,24.6,25.8,26.2,27.3,26.4,27.3,26.2,22.4,21.1,21.6,22.6,23.3,23.1,23.4,23.3,22.5,20.4,20.9,21.1,22.3,22.9,23.3,23.6,22.6,23.7,25.3,27.5,23.3,21.5,23.8,25.2,26.2,26.4,23.3,22.1,19.6,18.8,20.0,23.7,23.7,21.8,21.1,24.5,24.0,24.6,21.5,17.6,20.4,22.4,20.9,20.4,19.2,18.2,16.5,15.7,16.1,17.9,18.9,19.9,21.3,20.8,17.5,19.3,20.2,19.3,18.4,14.3,14.7,14.5,15.7,16.9,15.8,16.8,12.8,12.5,15.7,17.2,18.5,18.6,19.6,14.5,13.4,17.8,16.3,18.2,17.9
2004,17.7,17.0,18.4,21.3,21.1,20.6,19.0,18.1,19.2,20.6,17.1,14.2,11.8,16.5,16.2,17.0,14.7,17.8,12.5,11.6,9.6,9.8,10.0,8.2,9.8,14.4,10.9,11.3,13.7,16.4,17.8,17.9,15.8,11.8,11.6,11.3,11.8,11.2,12.5,12.6,16.2,18.3,20.2,19.5,18.2,19.6,21.3,20.3,19.1,19.5,20.8,21.2,20.9,17.6,18.3,18.0,19.2,21.2,21.4,22.6,18.6,15.1,13.4,13.4,16.9,13.1,13.0,15.6,16.9,20.6,22.0,18.6,18.0,17.6,19.6,21.2,22.9,16.8,18.2,19.0,18.8,15.8,16.8,17.8,16.9,15.3,16.5,16.3,19.2,18.7,19.2,20.0,19.4,17.9,16.5,18.5,20.8,21.6,16.2,17.6,20.4,23.5,24.6,24.3,20.3,19.4,21.3,22.2,25.3,26.9,24.9,25.9,27.4,23.6,18.8,22.3,24.0,20.8,21.7,24.2,25.0,26.4,27.3,27.8,23.2,19.8,21.0,23.9,26.1,26.0,27.0,27.4,26.6,27.3,26.9,28.1,28.7,23.7,26.6,26.0,21.7,20.8,22.5,25.9,26.6,28.0,27.9,27.6,28.5,27.2,26.7,26.4,26.3,26.7,24.2,24.8,24.2,25.4,27.2,24.9,23.5,23.7,24.5,26.0,25.3,27.1,26.4,27.1,28.4,28.2,29.5,30.5,29.5,28.9,27.7,27.8,28.6,29.3,29.5,30.0,30.4,30.4,28.9,26.1,28.3,28.8,26.9,29.8,29.5,27.3,26.9,29.7,29.6,29.6,30.1,30.7,30.2,26.9,27.8,27.5,27.1,28.4,29.9,30.5,29.6,29.4,29.5,29.3,28.9,27.4,28.1,29.6,29.9,30.1,26.7,26.8,27.5,28.7,30.2,31.2,30.0,29.4,29.8,28.1,28.0,29.7,28.3,29.2,29.8,28.5,30.0,29.6,26.6,27.0,28.5,26.9,26.4,25.3,29.2,29.4,28.5,28.4,29.9,29.9,29.7,29.4,30.1,29.3,27.7,28.3,28.6,25.8,25.2,25.6,24.3,23.9,25.8,26.0,24.4,25.2,27.5,27.9,28.4,27.9,26.7,25.2,24.5,23.8,24.0,24.9,24.2,26.0,26.3,26.8,26.4,21.6,21.4,22.6,23.0,22.8,23.2,21.3,22.1,22.5,21.6,22.1,21.9,22.6,21.9,22.7,23.3,22.2,20.6,21.0,22.5,22.8,22.9,23.0,23.6,19.8,19.6,21.8,23.1,22.4,21.5,22.2,21.8,21.7,22.6,22.8,23.1,23.5,24.5,24.8,25.2,24.8,23.8,25.1,24.4,21.3,19.3,20.0,19.2,19.2,19.8,20.5,20.9,22.8,25.0,24.6,20.8,17.2,19.5,19.9,20.8,22.6,23.6,23.3,20.1,16.5,19.1,17.2,16.6,18.5,19.6,20.7,19.4,19.2,20.9,20.8,21.4,20.8,20.6,20.1,19.2,19.4,20.7,19.0,18.8,18.0,18.7,17.7,14.9,14.6,16.5,9.0
2005,8.4,12.3,14.5,15.4,16.1,16.9,16.8,15.0,14.2,15.1,16.7,16.2,14.8,13.2,10.7,9.2,12.6,13.5,15.2,14.9,16.1,16.9,15.7,18.4,20.1,17.3,17.4,16.1,16.8,15.1,11.9,11.0,10.4,13.6,15.1,17.9,18.2,19.3,19.7,18.5,16.3,14.8,16.2,16.7,19.4,21.3,21.3,18.4,14.9,10.1,8.0,10.8,13.6,17.0,18.5,17.0,13.8,15.0,13.4,,13.9,15.7,12.4,12.6,9.6,11.1,14.1,16.7,19.0,20.5,19.0,11.3,9.1,14.4,17.9,20.2,20.8,15.8,16.6,19.1,20.6,23.1,15.2,16.2,16.1,18.3,21.4,23.1,17.6,15.4,17.5,18.7,17.4,18.6,18.5,21.6,22.2,24.0,24.4,25.5,22.6,20.6,18.9,16.5,20.6,22.5,23.0,23.5,24.7,25.3,22.2,24.0,24.9,22.6,23.6,23.8,21.6,22.8,23.7,25.8,27.9,28.8,26.5,24.8,26.6,28.4,24.2,22.4,26.2,24.1,22.3,24.3,23.7,23.9,24.5,24.5,26.9,29.0,28.8,24.6,24.7,27.3,29.0,28.7,25.2,24.7,25.5,26.4,25.5,25.4,26.6,27.7,27.9,28.4,26.0,26.5,26.3,25.6,27.4,27.2,28.9,28.0,28.4,27.3,26.9,26.9,26.9,24.9,26.4,28.4,28.8,29.9,29.9,29.9,28.0,28.0,28.3,27.7,27.0,27.6,27.7,28.6,28.5,28.6,29.8,30.7,30.7,30.6,28.7,28.0,28.8,30.0,30.4,31.0,30.2,29.7,30.7,30.9,28.3,26.6,26.0,28.1,27.4,28.6,29.1,28.4,28.4,29.6,29.0,29.9,29.4,30.4,30.0,30.3,30.6,30.2,27.8,26.5,31.0,28.7,28.7,29.5,30.4,30.4,28.5,29.0,28.5,27.7,28.5,27.8,26.6,26.9,27.2,26.7,27.2,28.6,28.3,26.4,28.4,28.4,29.1,29.0,29.0,27.3,28.1,29.0,29.6,28.2,28.1,27.0,27.1,27.1,27.6,26.3,27.8,28.6,29.6,30.1,30.3,30.0,29.9,29.9,30.0,29.6,29.7,26.9,27.5,27.1,27.2,27.6,27.4,27.6,27.6,27.6,27.3,27.5,28.3,28.4,29.5,29.5,28.3,24.4,23.6,25.2,25.6,25.4,25.9,25.1,23.9,23.1,23.4,23.5,23.9,23.2,23.3,20.8,20.3,20.3,21.8,23.4,25.6,26.7,22.9,20.4,20.8,24.0,25.9,26.4,26.3,25.9,26.2,26.4,25.7,25.5,25.6,26.2,26.0,25.4,24.3,19.8,19.2,19.1,19.2,20.0,18.8,18.0,18.0,19.8,20.3,21.1,20.9,22.3,22.6,19.8,20.5,21.0,20.5,21.3,15.5,12.5,12.1,14.1,15.8,19.4,19.2,16.6,13.9,13.5,11.9,12.4,13.8,13.4,13.0,16.3,18.6,12.9,10.4,12.7,15.7,17.3,16.2,16.6,19.4,19.5,21.1,19.2
2006,19.6,18.1,18.7,18.1,14.6,9.9,8.9,13.4,15.3,17.8,19.5,20.8,19.6,19.7,20.8,20.9,20.6,22.3,19.8,17.2,15.1,13.0,13.4,14.5,16.3,15.1,15.3,17.8,17.1,20.5,18.7,17.3,19.8,16.7,13.2,17.2,17.7,16.3,14.3,13.8,14.7,16.8,17.9,19.6,20.7,22.6,18.8,14.8,17.1,15.6,17.1,20.9,20.0,17.0,17.9,18.5,16.2,15.4,16.7,,10.6,12.4,15.9,20.2,20.5,20.7,20.0,19.7,19.5,20.7,21.4,15.6,11.0,12.9,17.8,18.3,22.6,25.0,18.4,17.9,18.1,21.1,17.5,16.0,19.1,17.0,16.7,18.0,18.1,20.6,21.3,22.8,23.7,25.3,26.4,24.5,20.3,21.0,24.0,25.7,23.4,27.7,28.2,20.7,17.9,17.0,16.8,20.0,22.1,24.9,21.7,23.9,27.2,23.9,20.9,22.0,22.3,20.3,18.6,21.9,24.8,27.3,23.8,23.3,24.2,25.9,27.2,26.0,27.1,27.9,28.9,24.3,28.1,24.5,21.2,23.2,23.1,23.8,26.3,23.9,26.5,27.2,26.8,24.5,24.1,26.5,28.2,28.0,22.0,20.0,19.0,22.9,26.5,23.3,24.2,24.5,27.4,27.3,26.4,27.6,22.1,21.3,26.1,26.1,25.4,28.0,29.1,29.0,29.8,29.1,27.1,27.6,28.9,28.7,30.0,28.9,28.8,29.1,29.5,29.1,30.0,30.6,29.8,30.0,30.2,30.7,30.9,31.5,30.9,31.4,31.0,28.8,29.3,29.3,26.9,27.3,27.1,28.4,28.2,29.4,30.3,30.5,30.2,30.6,30.5,28.7,29.5,27.6,28.3,29.5,30.1,30.7,30.6,30.7,30.7,30.2,29.4,29.0,28.6,28.5,27.8,28.9,27.8,29.7,30.9,30.9,29.8,30.6,30.8,30.8,27.7,28.5,29.1,28.6,27.6,27.0,27.2,29.1,28.4,27.2,28.8,30.0,31.1,31.0,30.3,29.4,29.1,28.9,29.7,28.6,27.6,27.6,26.9,25.4,26.8,27.3,26.3,27.1,26.1,25.3,22.5,24.3,25.1,26.9,24.6,25.8,26.3,25.7,25.5,25.8,26.2,27.2,26.8,27.0,26.6,25.9,26.0,24.3,23.2,24.0,23.4,24.7,25.4,26.1,26.4,26.1,26.1,25.8,25.8,26.2,26.7,26.3,26.6,26.4,26.5,26.5,25.9,23.9,24.5,24.7,23.1,25.7,24.2,23.4,22.6,21.7,20.5,21.4,23.2,24.7,24.0,21.4,24.0,23.1,23.8,21.6,20.8,22.8,21.3,20.5,22.3,24.3,24.5,24.4,22.6,22.9,22.0,22.2,22.0,22.8,24.0,21.0,18.9,20.6,20.0,21.3,18.4,17.4,18.3,19.4,21.0,21.8,22.4,20.3,18.5,22.4,22.4,22.0,18.1,17.2,13.8,13.1,15.4,17.8,17.8,15.9,16.2,18.0,19.9,17.6,17.5,17.1,14.8,14.2,18.1,18.6
2007,19.4,20.6,19.1,17.6,16.4,14.1,12.3,12.8,15.4,16.9,20.1,18.7,17.2,17.5,21.2,20.2,17.9,16.4,17.2,21.0,17.7,17.4,17.8,13.7,17.2,16.5,14.6,13.3,12.5,13.8,16.3,13.0,12.8,15.3,17.1,17.6,18.4,19.6,21.1,21.0,16.9,16.8,19.2,20.0,18.9,17.8,20.2,21.6,20.1,16.9,17.5,17.5,18.5,19.1,20.5,16.1,16.5,19.5,20.6,,20.7,22.0,22.3,22.4,15.2,11.7,12.6,14.7,16.1,18.7,15.1,16.7,18.4,20.9,23.1,20.4,16.6,16.0,15.9,15.1,19.5,20.5,22.7,22.2,20.3,21.7,19.5,21.9,24.2,26.1,25.7,25.8,18.6,13.8,14.2,18.0,17.4,16.6,16.6,17.3,17.0,18.6,21.8,23.2,23.1,22.2,23.9,24.3,16.6,20.2,22.1,24.5,26.7,22.6,22.7,19.6,21.9,23.8,22.8,25.9,25.2,23.5,23.6,24.3,25.7,23.2,24.6,23.8,24.5,24.6,25.2,26.6,26.3,23.9,24.6,26.3,27.7,25.1,24.9,22.0,22.2,25.1,27.5,27.6,30.3,30.5,28.7,30.2,30.0,29.6,27.1,28.4,29.0,30.2,27.6,26.8,27.1,25.3,24.7,24.0,24.5,25.0,26.8,26.8,28.1,29.6,27.2,26.5,28.0,28.6,28.6,27.7,28.7,29.5,28.4,29.7,29.6,28.2,26.8,27.3,27.8,28.4,28.8,28.2,28.8,29.5,28.5,29.6,30.7,30.8,29.8,30.5,29.3,29.0,29.2,29.6,29.6,30.4,30.6,30.6,31.5,31.4,31.3,31.5,30.9,29.3,29.5,29.8,30.5,29.2,29.0,28.3,28.0,29.1,29.3,28.8,26.3,28.0,29.5,27.0,28.8,30.4,28.0,29.0,26.1,27.7,27.3,28.2,30.2,28.0,27.1,26.9,26.9,27.3,26.5,26.4,28.1,28.5,28.5,29.6,30.0,30.0,29.1,27.6,27.8,27.1,26.8,26.3,25.1,25.9,27.3,27.1,27.7,27.9,26.8,27.1,27.2,27.3,26.3,27.5,25.6,25.6,24.7,28.0,26.7,26.5,28.6,28.5,28.3,27.6,29.4,29.4,29.7,28.6,29.3,29.8,27.8,26.2,27.3,26.0,25.3,26.0,22.2,23.3,24.4,24.2,23.9,22.6,22.1,21.5,21.7,21.4,21.8,21.5,22.6,24.0,25.3,25.9,25.8,23.7,23.2,25.3,24.4,23.3,24.3,21.6,19.0,19.9,20.2,20.7,20.4,21.5,21.4,20.6,20.3,20.3,20.6,21.6,22.9,24.0,24.0,24.5,20.4,19.1,19.0,19.9,20.6,20.0,20.9,22.5,21.1,16.8,15.2,16.1,17.1,19.8,19.1,16.8,18.6,18.1,19.0,18.5,18.7,20.5,19.9,20.0,22.3,19.1,17.8,19.1,20.3,20.9,20.1,18.2,21.3,20.7,21.1,19.6,17.5,19.2,18.6,20.2,19.7,17.0,13.6,12.1
2008,12.0,12.0,15.8,17.0,17.2,19.9,19.7,21.8,20.9,20.7,22.3,20.4,15.6,14.0,14.8,13.8,14.4,15.4,19.0,19.3,17.3,17.4,15.6,13.1,15.0,16.8,14.3,16.0,15.3,14.0,12.4,15.3,14.3,11.0,14.0,15.3,11.9,12.0,12.4,9.8,11.3,12.4,9.3,8.8,11.1,11.4,15.5,17.5,17.0,15.7,16.1,19.4,18.8,17.2,15.0,18.2,13.6,11.5,13.5,13.8,16.6,18.4,16.8,15.9,15.8,18.8,18.3,17.0,17.6,17.6,20.4,22.7,21.5,17.1,19.7,20.1,19.7,19.8,18.2,19.1,21.8,21.9,17.4,18.7,19.8,20.4,19.8,21.0,22.7,19.3,14.6,15.9,18.0,16.1,19.7,23.2,25.0,26.0,26.0,26.8,21.5,21.3,21.9,20.7,21.1,25.1,25.8,22.4,22.7,25.0,25.8,23.9,22.7,19.8,18.0,20.9,23.8,24.8,22.2,22.7,24.7,24.5,24.9,26.5,27.4,20.5,20.2,21.2,25.3,27.8,20.5,20.8,21.4,22.7,23.5,23.3,24.4,26.4,27.5,22.6,23.1,24.6,25.9,26.9,28.1,27.4,25.5,26.8,28.7,29.7,28.6,22.7,23.7,23.9,22.3,24.9,27.5,27.0,27.5,27.9,27.1,28.6,29.3,25.4,25.7,25.1,26.9,25.9,27.2,27.1,27.5,29.5,29.4,29.6,30.2,29.7,29.7,28.4,28.4,28.0,27.0,27.0,28.6,29.5,30.3,29.1,29.2,29.2,29.4,29.1,27.7,29.0,27.7,28.1,29.4,29.8,29.9,30.4,28.2,26.3,28.9,30.1,31.0,30.0,29.9,31.1,31.1,30.5,28.2,27.3,27.2,28.3,29.7,29.9,29.3,29.6,30.3,30.7,30.2,29.5,29.4,28.3,27.8,28.4,29.8,30.4,30.7,28.5,28.7,28.5,29.3,30.2,30.4,31.0,30.1,28.3,28.2,29.8,29.8,28.7,29.9,29.6,29.7,29.7,27.2,25.1,26.7,27.2,26.3,28.3,28.7,29.0,28.1,28.8,27.5,26.6,26.4,25.7,26.5,28.8,28.8,29.0,29.3,29.5,29.3,29.5,30.5,30.1,30.0,29.8,24.7,25.7,24.1,23.2,24.6,24.9,26.8,27.0,27.3,24.5,22.3,25.4,25.7,26.9,25.7,24.1,25.0,25.0,25.6,27.3,27.2,27.1,26.9,26.9,27.6,26.4,27.0,25.2,27.0,26.2,23.8,24.8,25.4,26.6,26.7,26.1,27.8,24.4,24.8,27.7,27.4,27.0,23.7,19.5,18.8,18.4,20.1,21.0,22.6,23.5,21.9,21.1,19.2,16.3,16.5,19.1,23.0,22.9,20.4,20.2,21.0,19.0,14.9,15.5,17.4,19.2,19.6,20.9,20.2,15.1,14.3,17.0,17.1,18.2,19.7,19.2,20.7,20.2,16.0,15.5,18.0,18.7,17.9,19.9,18.3,18.9,13.7,15.9,18.8,17.4,17.4,21.2,20.4,18.4,15.9,13.5
2009,12.0,13.3,16.0,17.2,17.3,17.5,16.9,16.0,12.1,10.2,13.8,13.6,10.5,11.3,14.0,16.3,16.8,17.1,18.9,19.9,19.2,17.8,13.6,9.6,12.1,14.3,15.1,19.4,18.9,16.1,17.2,19.7,18.0,18.8,20.2,18.3,17.7,18.9,19.3,21.3,18.9,19.2,20.7,23.0,21.1,21.9,18.3,17.8,20.0,21.3,16.7,18.3,22.3,23.4,23.6,23.1,20.5,19.4,18.3,,16.0,17.1,16.5,20.3,20.6,14.8,14.7,16.8,15.1,19.2,18.5,21.0,19.9,12.2,17.5,18.3,19.8,22.1,23.6,22.5,22.9,25.1,18.2,15.1,17.0,20.4,20.7,18.0,15.8,15.5,16.1,16.1,15.6,20.1,22.3,19.1,15.9,18.5,17.8,17.7,20.1,23.5,24.4,22.9,21.0,23.3,22.9,21.3,24.7,24.8,25.4,22.5,20.5,24.7,26.0,20.3,16.4,19.6,21.1,22.6,23.3,23.7,24.9,24.6,20.9,21.9,22.4,23.9,25.0,24.8,24.7,25.3,26.6,25.7,25.1,27.2,27.9,27.3,25.1,24.4,26.9,27.1,28.1,28.3,25.6,26.8,25.9,22.3,23.4,24.1,24.1,25.5,26.4,26.0,27.7,24.1,24.8,26.1,27.2,26.9,28.2,29.7,27.0,28.7,27.8,25.4,25.6,27.5,29.5,29.3,28.7,29.2,28.6,29.5,29.4,28.9,27.9,27.6,27.4,29.0,29.7,29.9,29.7,28.0,26.7,28.3,28.5,28.8,29.5,29.7,30.0,31.3,31.3,31.2,29.9,28.5,29.6,30.6,31.0,31.1,30.5,29.3,31.0,31.0,30.9,30.6,29.2,29.2,29.7,29.4,29.6,30.5,31.2,31.5,32.1,30.8,28.6,29.0,28.1,27.6,28.1,26.8,28.3,30.1,28.0,27.8,29.3,28.8,28.2,28.7,28.8,29.6,29.8,29.8,29.3,30.3,31.5,30.8,29.8,30.4,30.8,30.7,30.8,30.5,30.3,29.2,28.2,28.4,29.2,29.4,28.8,28.3,28.6,28.0,29.9,30.8,29.6,29.9,28.9,29.9,29.8,30.0,28.1,27.9,29.0,29.6,29.5,29.6,29.1,29.8,28.2,28.3,27.5,28.4,27.5,26.3,25.6,24.5,23.6,23.9,23.2,23.5,24.0,23.5,23.7,23.9,24.5,23.3,22.8,24.3,24.8,24.5,25.1,23.4,24.0,23.0,22.5,22.4,22.9,21.7,23.2,25.0,25.7,25.3,26.6,22.8,20.3,19.0,23.1,25.3,25.1,25.4,26.2,25.4,24.9,21.9,22.8,19.5,18.4,21.3,21.1,17.1,16.6,19.4,18.3,17.4,19.0,20.8,21.5,22.8,23.0,22.1,20.1,20.3,18.7,17.5,19.2,15.4,16.8,16.3,18.5,20.3,22.1,21.4,21.2,22.2,20.2,20.5,19.4,19.7,15.3,13.7,12.0,10.8,11.4,12.0,15.7,16.3,18.0,18.4,15.2,16.3,12.3,15.2,15.3,13.7
2010,16.4,16.6,15.6,17.0,15.0,14.5,13.6,13.5,18.0,18.4,16.1,9.9,10.7,13.6,16.9,16.9,17.1,19.9,20.8,21.4,20.4,15.0,14.5,17.7,15.5,16.0,19.4,19.0,19.1,19.0,20.8,18.5,18.2,17.1,17.3,17.5,17.7,17.2,20.2,20.7,22.7,23.1,12.7,13.0,16.6,14.2,11.8,11.9,10.5,10.5,13.6,15.4,16.0,18.2,20.4,21.8,23.9,21.8,23.1,,24.3,20.7,21.7,23.0,23.7,22.8,14.9,16.0,11.8,9.3,15.3,19.3,18.7,23.4,22.7,15.3,17.8,20.5,21.7,23.6,21.3,23.9,24.9,22.4,14.2,15.0,18.7,17.9,19.8,22.7,22.6,23.5,17.3,17.8,18.9,20.5,20.2,16.7,17.5,17.4,20.8,22.2,25.5,19.6,19.8,15.8,15.8,21.4,21.1,24.6,24.7,26.4,25.0,17.1,17.4,21.8,22.1,19.9,20.5,22.3,23.0,24.1,25.1,26.1,26.5,26.7,25.4,23.2,23.6,23.9,21.3,21.2,23.3,24.4,22.7,23.3,25.0,27.2,28.2,28.8,27.5,28.3,29.1,25.1,24.4,27.1,27.5,25.4,27.2,24.1,21.5,23.7,23.2,21.8,22.5,23.7,22.0,22.5,24.6,25.4,26.5,25.6,23.8,23.0,24.6,25.1,25.3,27.0,28.0,29.6,29.3,29.5,27.6,27.5,27.1,27.7,26.2,27.6,27.6,28.3,28.3,29.7,29.9,31.0,32.0,31.5,32.0,32.0,31.3,30.3,30.3,31.0,31.0,28.5,28.5,29.0,28.5,29.2,29.8,30.4,30.4,29.7,30.4,30.8,29.8,28.0,27.8,28.4,27.2,27.3,30.1,29.0,29.6,30.1,31.2,31.5,31.7,31.3,29.8,28.9,29.3,30.0,31.6,31.3,29.0,30.4,28.9,28.0,27.4,28.8,29.7,30.0,30.8,30.9,31.0,30.9,30.7,29.7,29.0,29.6,29.8,27.7,26.0,25.0,27.6,28.2,29.6,29.8,29.1,29.9,29.5,30.9,28.4,28.7,27.7,27.5,28.5,27.4,28.8,29.0,28.8,27.8,28.1,28.3,28.8,29.6,27.8,25.8,27.5,28.8,28.4,29.0,28.0,27.5,27.9,29.7,27.0,24.1,24.0,24.6,27.0,24.3,24.5,25.1,27.9,28.1,28.1,27.3,24.2,25.0,25.4,24.0,24.8,24.4,23.0,24.2,26.9,26.1,24.9,19.9,17.3,17.4,17.8,18.2,19.9,20.8,22.2,21.0,20.6,21.8,21.9,22.3,22.0,19.9,20.4,22.6,23.4,22.2,22.7,20.7,19.2,19.5,20.9,21.0,21.1,22.4,20.3,18.6,20.1,18.0,19.0,21.0,21.8,21.6,20.7,22.0,21.3,19.4,21.5,22.0,21.0,15.5,13.7,15.2,15.9,18.7,22.3,21.5,19.4,16.8,10.3,11.2,15.5,16.9,18.1,18.1,17.8,19.1,17.3,14.0,10.5,12.1,13.8,17.7,14.6,11.3
2011,11.1,14.2,12.8,13.1,16.9,13.5,11.5,15.3,14.3,11.9,10.4,9.8,14.6,16.7,11.9,8.6,12.2,16.1,17.0,17.0,14.2,15.0,15.1,12.6,14.3,15.6,16.4,15.4,11.3,10.8,10.8,15.5,14.4,17.3,16.9,16.7,17.6,20.0,19.0,18.2,17.8,12.9,11.9,14.8,10.4,12.2,16.4,16.9,15.5,14.8,14.0,14.3,16.2,18.1,17.9,18.8,20.9,20.6,19.5,,16.8,13.7,14.1,12.7,16.6,17.0,12.8,14.0,17.5,15.0,14.3,15.0,18.6,21.6,15.6,13.0,15.6,18.4,18.3,23.2,23.1,14.1,13.5,14.0,13.8,12.2,11.6,13.8,18.1,17.0,19.2,20.5,21.8,20.0,14.7,15.2,19.2,20.8,21.0,20.6,22.9,20.1,19.3,21.6,23.4,24.6,22.7,18.4,20.9,20.1,20.7,21.3,21.9,18.4,22.2,21.6,23.7,26.4,24.2,24.3,24.8,25.3,23.8,22.4,21.7,23.2,23.7,26.2,27.7,27.9,28.1,29.6,27.4,22.4,20.9,22.0,21.2,21.0,25.5,25.7,25.4,26.6,26.4,25.2,22.0,22.9,25.8,24.4,21.1,21.8,24.7,26.6,26.0,25.3,25.5,27.7,29.0,29.9,29.9,30.4,29.4,28.0,27.9,29.6,29.1,30.1,30.5,29.7,29.1,29.5,29.3,29.5,28.9,29.7,30.3,29.3,27.4,28.4,28.6,26.3,26.1,27.5,28.5,29.0,29.6,30.2,30.1,29.2,29.6,30.2,29.1,28.6,29.7,29.1,27.2,27.8,26.2,26.5,27.2,27.1,29.1,30.4,29.9,30.1,31.1,31.1,29.4,27.7,29.7,31.2,30.3,29.8,30.3,30.6,30.3,29.8,29.7,29.4,30.0,29.6,28.5,28.5,27.9,27.9,27.4,28.7,28.9,30.0,30.4,31.1,30.9,30.5,29.9,29.0,29.2,29.2,28.5,30.0,30.4,29.0,28.2,28.7,28.4,28.1,28.0,26.8,28.5,27.9,27.6,26.8,28.1,28.4,29.2,29.7,29.3,28.8,28.1,28.4,29.1,28.0,27.9,26.9,25.6,24.4,23.6,23.8,23.9,25.8,28.0,27.6,28.1,29.9,29.4,27.8,24.6,23.6,21.5,22.3,23.7,23.9,24.8,25.8,25.8,26.6,27.2,26.2,25.8,25.5,23.9,24.3,24.3,23.5,22.9,22.7,23.8,23.7,25.2,25.5,21.7,20.7,23.2,24.0,23.7,22.8,22.6,23.7,26.1,26.4,28.0,26.6,26.0,24.2,23.6,21.2,19.6,19.5,21.0,21.7,21.6,22.1,25.2,23.9,24.0,22.4,20.3,21.0,23.2,19.4,19.3,21.2,22.5,22.3,23.1,23.7,23.0,17.7,14.7,15.9,19.2,19.4,22.0,23.7,17.9,14.1,14.7,14.7,17.6,18.4,19.3,17.5,14.9,14.7,17.0,16.2,18.9,18.2,14.6,13.4,12.1,14.2,15.8,16.8,17.3,17.8,15.3,15.3
2012,15.3,15.6,16.4,10.6,12.2,15.1,16.0,17.3,17.1,17.7,15.9,16.4,17.9,20.2,18.2,15.8,17.6,19.1,18.4,17.2,16.4,13.5,12.0,13.7,11.1,13.5,15.9,16.3,16.4,16.4,14.2,16.1,13.8,12.6,17.7,19.2,20.8,13.3,10.4,12.6,14.9,16.1,20.4,20.1,20.4,17.8,15.5,13.4,11.7,12.9,18.5,19.7,20.9,19.4,18.2,15.3,12.8,13.6,14.3,17.6,18.6,19.1,18.7,19.3,20.4,22.3,16.1,15.6,13.0,12.4,13.4,13.9,15.0,16.3,17.5,21.5,23.8,23.0,18.5,17.7,17.6,21.7,21.0,12.7,16.7,20.2,21.8,22.5,22.4,22.2,17.7,20.1,22.4,20.9,22.3,19.2,18.7,21.0,22.3,21.1,24.4,26.0,25.8,26.5,22.5,23.7,20.0,20.1,22.4,24.0,24.6,25.5,22.1,24.7,25.8,26.8,19.0,20.3,23.2,24.6,27.9,29.1,27.9,23.6,21.2,24.1,24.5,25.6,28.5,26.9,22.9,24.2,26.6,27.4,28.8,28.5,26.6,24.2,25.0,24.8,23.6,24.3,24.7,26.2,26.8,27.2,26.9,25.0,24.6,27.6,28.0,24.9,24.9,25.3,24.9,25.4,27.0,28.0,29.8,30.3,30.2,30.6,30.1,24.3,26.2,26.0,27.1,26.1,28.6,28.9,26.7,25.8,24.2,27.0,27.5,28.6,28.8,28.9,29.2,29.9,29.9,29.6,30.4,29.6,30.2,30.3,30.1,29.4,29.7,30.4,31.0,31.2,31.0,30.8,30.9,31.2,30.2,28.2,29.8,30.4,30.4,31.3,32.0,30.7,30.2,31.2,30.6,27.4,29.8,31.1,31.0,28.1,28.0,27.2,26.4,27.8,28.3,28.0,28.2,30.6,31.7,28.6,29.6,29.3,27.6,28.6,30.2,30.8,30.5,27.1,29.1,30.3,30.2,30.0,28.8,28.6,29.5,30.0,27.7,29.3,28.1,29.0,27.3,26.3,27.5,28.4,27.4,29.0,30.0,30.2,29.4,29.8,29.4,29.8,29.2,29.0,28.2,25.8,24.4,23.8,24.5,25.0,24.1,24.3,27.6,27.9,27.1,25.7,26.6,27.0,26.4,24.7,23.2,22.8,23.5,23.6,23.3,23.9,24.8,24.9,23.8,24.2,24.3,23.4,22.9,22.6,23.2,23.6,23.2,23.6,22.6,21.4,23.2,24.4,24.4,24.2,22.2,24.6,26.2,27.1,27.1,25.7,24.3,23.2,19.7,19.8,22.9,24.7,22.8,21.8,21.4,21.2,23.3,23.2,24.3,20.1,19.8,21.4,23.0,22.8,24.4,19.4,17.8,20.1,22.7,21.6,22.1,20.3,18.2,23.1,17.5,15.6,19.1,18.7,19.3,19.9,18.5,17.6,18.2,16.9,16.8,19.6,18.0,15.1,16.4,16.0,16.7,19.8,20.3,21.2,20.9,20.0,15.1,14.7,19.3,19.5,17.1,12.8,15.1,18.4,20.1,21.1,19.4,21.9,10.3,10.6
2013,13.7,17.0,14.3,15.6,16.9,18.7,18.8,16.5,14.4,14.3,18.1,17.8,16.1,14.7,16.9,16.4,13.6,12.9,17.3,17.4,19.7,19.0,17.6,18.7,15.8,16.9,14.5,15.9,16.2,17.5,18.2,19.7,21.1,19.7,22.4,19.9,19.5,19.8,14.4,14.9,16.7,18.5,16.5,16.9,18.5,16.3,17.7,21.0,22.1,17.2,15.3,18.4,16.0,16.5,20.4,20.1,21.6,19.0,21.0,,20.8,13.6,12.9,15.6,18.9,19.4,19.0,19.8,21.0,21.5,18.4,20.6,21.4,15.3,17.4,19.9,21.6,23.9,24.2,23.7,20.0,23.5,23.5,22.0,17.5,20.2,18.2,19.5,18.3,19.7,19.0,21.2,19.6,19.6,21.1,21.9,18.2,16.4,20.5,18.9,18.2,17.5,15.2,18.8,17.8,22.4,23.4,25.9,26.0,21.6,21.7,16.7,19.8,23.8,24.1,21.7,22.2,21.0,22.5,24.8,26.5,17.3,19.8,21.5,23.1,25.3,25.2,25.9,26.2,26.5,27.2,22.4,22.3,24.6,26.0,25.3,26.0,26.9,26.2,28.2,27.8,25.5,25.7,26.4,26.3,27.2,27.5,29.4,29.7,29.4,29.7,30.1,30.1,30.0,28.6,26.8,26.4,27.5,28.9,30.3,29.3,26.3,26.1,27.1,27.8,27.9,29.0,28.8,28.9,29.3,29.7,29.7,30.4,29.8,28.6,29.1,30.1,30.9,31.1,30.8,30.7,30.0,30.4,30.1,30.3,30.7,29.4,28.2,27.5,29.3,29.2,29.1,29.5,29.0,25.8,28.0,27.8,29.5,29.8,29.1,28.6,29.4,29.9,30.2,30.6,29.7,28.5,28.1,28.5,29.5,30.5,30.6,28.5,29.5,29.1,30.4,31.0,31.5,30.7,31.0,31.6,31.3,30.1,30.7,31.4,32.1,28.4,27.1,27.7,27.7,28.8,30.1,26.8,27.1,27.1,27.4,27.4,27.5,29.1,30.4,29.9,26.7,27.5,26.2,23.4,25.1,25.4,26.2,27.5,29.1,29.0,28.9,29.6,29.8,30.2,30.9,29.4,29.6,28.2,28.0,27.1,26.9,28.0,26.7,27.9,28.2,28.8,29.2,28.0,24.9,26.1,27.2,28.1,25.3,26.0,25.7,22.7,23.4,24.1,25.0,26.2,27.4,25.6,26.9,26.0,25.0,25.9,26.6,25.2,22.2,22.8,23.5,24.1,24.4,23.1,22.0,22.2,21.2,20.6,20.3,21.4,22.8,24.1,24.8,23.4,25.2,25.3,24.6,22.1,21.6,24.3,23.6,26.3,27.4,26.2,21.7,20.8,20.7,23.2,21.3,20.1,18.8,17.6,17.7,19.9,20.9,20.5,23.6,21.4,17.6,19.5,19.1,13.7,13.2,16.8,16.5,17.3,17.7,16.5,19.0,18.3,20.5,22.4,20.4,15.9,16.2,17.0,18.0,19.4,19.5,20.4,16.2,14.0,12.7,12.9,12.3,14.2,15.3,14.3,15.7,13.6,11.0,12.6,11.6,14.6,16.8
2014,17.8,19.2,19.5,17.6,15.6,18.1,18.6,16.2,12.7,14.8,18.2,16.3,15.1,13.5,14.3,14.7,16.2,13.4,16.1,15.1,12.8,12.3,15.1,14.9,16.3,15.9,17.2,19.1,19.3,17.7,19.7,18.9,20.0,21.3,15.4,17.0,18.5,17.0,14.2,13.2,9.4,8.4,11.2,13.1,11.6,13.8,17.1,18.9,16.7,11.8,12.0,14.6,17.0,18.7,19.3,18.9,19.5,19.1,21.2,,20.1,15.2,15.3,15.6,14.3,13.8,15.0,14.7,13.3,15.3,18.4,17.8,15.6,14.6,17.5,18.1,19.6,21.7,23.8,17.9,13.8,16.5,19.9,20.2,21.4,23.9,24.5,25.4,25.4,22.8,21.8,17.7,19.2,18.7,18.6,21.3,20.6,19.3,22.3,21.9,23.2,24.5,25.1,25.0,20.0,22.8,24.3,25.1,25.2,25.7,23.1,23.3,21.8,20.6,22.0,23.6,24.9,25.0,22.8,21.9,21.7,20.5,24.1,23.5,24.1,19.0,18.1,21.1,23.5,23.6,24.9,26.7,27.3,26.4,29.5,25.9,24.4,27.5,27.8,25.8,24.8,19.8,23.6,24.7,27.3,27.8,28.9,27.7,28.2,26.0,27.1,27.6,28.4,29.7,27.4,28.1,27.0,25.3,25.8,26.1,26.3,25.6,25.0,26.4,27.4,28.3,27.6,27.7,30.1,30.2,29.5,28.7,28.5,28.1,28.3,27.9,28.3,30.0,30.4,30.1,29.2,27.7,28.6,30.2,31.2,29.9,30.4,31.7,31.3,28.8,31.9,30.9,30.1,30.7,31.9,29.3,29.3,30.0,30.8,30.2,30.6,31.6,31.5,29.6,27.3,29.9,28.0,28.7,30.2,30.4,30.7,30.4,29.4,31.6,31.1,29.6,28.9,29.2,29.6,30.4,31.1,31.1,30.8,29.7,29.6,28.2,30.4,30.6,29.4,30.0,28.0,26.7,28.1,29.4,29.7,29.3,29.4,29.9,30.4,29.2,29.6,31.1,29.9,29.5,30.2,30.5,30.9,30.1,31.1,31.1,30.0,30.3,29.3,29.2,30.0,30.0,30.1,30.5,31.9,31.2,30.6,30.9,31.1,31.5,29.0,26.7,27.4,27.3,27.5,28.0,27.4,27.4,28.0,27.5,26.2,26.7,25.8,24.6,25.1,24.4,23.4,24.1,24.0,25.1,24.1,23.2,22.1,21.6,21.5,21.9,23.5,25.2,25.9,26.2,26.6,23.6,23.4,24.0,24.4,25.7,25.2,23.5,26.0,26.5,25.7,25.2,22.4,20.6,20.6,21.4,21.5,22.2,24.4,21.6,21.8,22.1,20.3,17.9,19.1,20.7,21.8,19.4,18.2,20.2,21.7,22.2,24.0,24.7,22.5,22.1,22.2,23.2,24.2,25.6,25.1,17.6,15.9,20.9,14.6,14.6,16.4,19.9,17.1,18.3,20.6,17.3,13.6,14.2,16.5,18.2,14.4,11.8,15.0,16.5,15.6,15.0,13.8,17.5,18.5,17.0,16.5,16.2,14.4,14.0,15.4,15.6
2015,13.8,14.3,16.2,15.9,16.7,19.1,15.5,13.6,15.8,16.6,17.1,17.0,20.2,16.0,16.0,17.2,15.3,16.8,15.8,18.3,16.7,14.0,15.2,15.3,17.9,18.5,17.1,15.2,18.4,16.1,14.3,15.7,18.0,17.0,14.8,11.9,12.2,16.5,13.0,11.1,13.5,14.5,15.4,17.1,19.2,19.2,19.5,19.4,17.9,16.6,18.5,20.0,19.7,18.9,18.0,19.7,19.1,19.9,18.5,,14.0,15.2,19.2,14.5,16.4,15.9,16.4,19.1,17.2,13.4,12.8,14.3,18.5,20.0,21.8,22.9,23.9,25.1,24.8,23.2,20.3,19.2,17.3,16.1,15.0,18.7,17.6,18.1,21.3,22.9,24.6,25.9,26.2,27.1,27.0,28.1,27.1,19.2,15.7,17.5,17.3,16.2,17.6,18.5,17.9,19.5,23.0,22.7,25.0,26.0,25.4,18.6,19.6,23.1,23.2,22.6,25.0,25.7,25.8,26.3,24.6,24.0,26.9,27.6,21.3,19.8,23.7,24.8,25.8,25.9,25.7,26.3,22.4,26.6,27.7,28.2,29.0,28.2,29.0,29.7,24.7,22.2,24.4,24.6,24.3,23.9,23.5,26.7,29.8,30.7,30.7,28.2,28.1,29.5,30.0,28.4,30.1,27.1,27.5,29.2,29.9,30.6,31.0,30.8,29.9,28.2,29.2,30.5,31.0,30.8,30.7,30.1,28.5,28.9,28.2,27.9,30.1,31.2,31.2,31.5,31.1,31.4,31.3,31.7,30.7,29.4,31.4,31.2,30.8,31.5,29.5,26.5,30.6,30.5,30.9,29.9,29.6,30.1,30.3,30.8,29.0,28.7,30.8,30.2,28.1,28.4,30.0,30.3,29.0,27.4,27.8,27.0,28.6,29.1,29.5,29.1,29.3,28.0,28.9,29.0,28.2,28.1,28.9,29.3,29.4,28.1,28.6,30.0,28.7,29.4,28.4,29.4,30.9,30.3,29.5,27.4,29.3,27.6,27.6,25.2,25.6,26.1,26.1,25.1,26.5,27.1,28.5,28.9,29.2,29.8,25.8,27.3,27.1,26.6,26.6,26.5,26.6,26.8,28.3,26.9,26.6,26.2,26.1,27.1,27.3,28.0,28.7,27.3,27.4,26.0,23.7,26.5,28.4,28.8,29.1,25.4,28.7,29.0,29.1,28.0,27.0,26.2,23.2,24.1,21.6,22.8,23.1,23.4,23.8,24.5,24.6,23.4,25.3,25.8,24.1,23.8,24.7,24.8,24.9,25.6,26.1,25.2,25.9,24.4,22.3,22.6,20.7,22.3,25.6,26.3,27.9,26.3,25.9,24.4,21.5,21.5,23.7,24.0,23.5,24.5,26.3,25.9,26.5,24.7,24.7,24.0,25.4,24.4,22.7,21.2,15.8,16.0,20.0,21.4,20.9,22.0,21.6,18.1,16.9,21.7,17.6,18.5,19.4,22.3,20.0,18.8,18.5,21.3,20.8,17.4,14.8,12.3,15.5,18.5,20.4,20.6,23.2,22.6,21.5,17.4,17.7,17.0,15.9,17.4,16.2,16.3
2016,19.1,18.7,19.1,20.4,20.7,18.5,18.0,16.9,17.2,18.5,17.1,16.0,14.3,14.6,15.5,18.2,16.9,14.9,13.8,14.9,16.0,15.3,10.3,5.4,7.8,14.6,17.8,17.0,17.2,16.1,17.9,14.0,12.3,14.6,16.6,14.2,11.2,10.1,11.7,14.0,17.4,19.2,21.3,22.4,16.4,10.8,12.2,13.4,16.5,15.9,14.1,15.8,16.9,14.3,13.5,13.8,14.2,15.1,18.3,15.8,15.3,17.9,18.1,19.6,21.4,21.7,22.4,22.6,17.4,12.6,12.3,14.7,16.9,14.2,14.0,15.8,18.8,19.8,19.6,18.8,18.2,19.5,17.2,12.8,11.4,13.5,13.6,15.4,18.0,19.2,19.8,20.9,23.4,24.5,23.7,24.1,25.2,26.5,24.1,23.5,22.9,20.4,22.6,22.0,21.2,21.5,25.2,22.7,19.0,22.2,24.6,26.9,26.8,26.5,25.5,25.5,26.4,26.6,22.2,22.0,22.8,23.2,26.8,27.5,27.5,26.5,28.8,28.8,27.4,27.7,27.5,21.8,26.5,27.5,28.9,27.7,21.8,20.4,24.0,24.7,25.6,25.8,26.5,26.6,25.7,26.3,27.9,28.0,30.0,31.0,30.7,31.4,31.9,27.3,29.8,31.4,28.0,26.0,27.4,28.3,27.9,26.6,26.8,28.0,28.2,25.2,29.5,31.0,28.9,27.6,29.2,29.1,29.4,31.1,30.2,29.9,30.2,30.4,30.8,28.2,28.2,28.5,29.3,27.7,27.8,29.1,31.1,32.0,29.2,28.7,30.1,27.5,27.4,28.6,30.3,30.7,31.3,31.8,30.3,27.6,27.1,28.3,30.0,30.7,30.9,30.7,30.1,30.7,31.1,31.7,31.9,31.0,31.4,31.4,29.5,29.3,30.9,30.7,30.1,29.3,29.8,29.9,30.3,28.0,29.8,28.6,30.8,30.8,29.5,28.7,29.2,29.0,28.8,30.4,30.6,30.2,30.5,29.9,30.7,28.6,26.2,27.8,28.5,28.4,29.2,28.3,27.8,30.1,29.3,27.7,29.3,29.3,27.5,26.7,28.5,26.9,28.4,28.3,28.0,28.9,25.9,25.7,26.2,25.3,26.7,26.8,26.5,27.1,27.2,27.8,27.6,28.7,28.0,27.3,29.4,29.3,27.4,27.7,28.1,28.9,26.6,26.2,22.9,23.0,25.0,24.0,24.7,24.9,26.7,28.7,28.5,28.9,28.8,29.9,30.2,28.2,27.8,26.9,28.0,28.4,27.2,27.6,24.2,22.6,23.8,22.0,20.5,21.1,21.9,23.3,24.2,25.8,22.0,19.5,19.5,21.5,24.0,24.8,24.8,24.2,24.3,25.2,23.5,24.4,24.5,22.5,22.9,20.1,19.0,21.9,22.5,19.0,19.7,21.1,22.8,20.1,19.8,22.0,22.8,22.1,19.9,20.0,20.5,21.1,21.2,19.7,21.0,20.2,18.6,14.8,14.9,18.4,20.2,20.6,23.7,24.7,20.9,18.6,19.6,22.9,22.1,16.4,14.9,15.9,18.2,21.1
2017,22.3,20.8,20.8,22.9,21.5,21.9,22.2,20.1,17.7,18.7,19.7,20.1,15.9,13.9,14.2,15.3,19.3,19.8,18.9,13.8,14.0,14.7,14.6,14.6,15.4,16.2,17.8,20.1,20.1,17.4,16.5,17.2,15.6,19.7,19.2,19.0,17.8,18.0,17.3,11.4,11.7,12.3,14.3,16.2,17.0,19.2,17.9,19.4,19.2,21.2,20.2,20.1,19.3,15.8,12.9,14.2,13.1,15.1,14.9,,16.1,14.3,17.0,18.0,19.9,15.5,14.0,14.0,16.1,17.4,20.2,21.5,18.4,14.0,16.0,15.9,18.4,20.0,19.7,21.5,18.8,21.0,18.7,21.1,16.1,14.3,19.0,20.9,21.2,22.0,18.4,15.3,16.8,19.8,21.1,22.5,22.7,24.0,25.1,26.1,28.2,20.9,17.9,19.2,21.1,24.0,25.2,26.8,26.3,25.5,25.4,24.8,17.7,20.0,21.2,23.3,23.8,17.7,19.5,21.2,23.3,24.6,25.0,25.7,26.7,26.8,24.5,24.1,26.3,25.3,28.3,28.0,27.2,25.4,26.7,25.5,21.1,23.3,26.2,25.0,25.1,25.5,26.7,27.7,26.8,22.8,23.7,22.9,24.4,26.8,26.8,28.3,29.9,26.1,24.6,25.5,27.8,29.2,30.2,29.5,29.7,29.2,28.6,27.5,28.0,25.1,22.9,24.2,23.8,24.2,26.3,28.6,29.2,29.7,29.9,30.1,30.3,30.8,30.0,29.7,28.8,28.1,28.1,28.9,28.9,28.5,29.0,29.2,27.9,27.9,28.5,29.4,28.4,28.6,30.2,30.0,30.7,30.7,30.5,31.1,31.0,31.3,31.2,31.2,31.1,30.7,30.9,28.8,29.7,31.1,29.0,30.6,28.3,29.4,28.3,28.9,29.7,31.0,31.8,32.3,31.8,31.8,31.6,31.6,31.8,31.4,31.4,31.3,31.1,30.2,30.9,30.3,31.1,30.1,30.8,30.0,29.9,30.5,31.0,29.5,30.3,31.1,30.5,29.9,27.8,26.5,26.1,27.9,30.3,30.9,30.4,29.6,28.8,28.7,29.5,29.5,26.8,26.4,29.3,29.0,27.7,27.3,29.0,29.9,30.5,30.4,31.5,30.7,30.2,30.9,31.2,30.2,29.2,30.0,30.5,30.4,29.4,26.5,28.1,28.4,27.1,28.4,30.0,30.1,28.7,25.8,24.7,26.3,25.8,27.8,26.2,24.7,23.8,22.6,22.1,21.4,21.3,21.9,22.8,22.9,22.5,21.9,22.2,19.9,21.4,23.8,24.6,22.2,19.6,20.9,25.6,26.5,23.7,23.6,26.8,22.2,21.7,22.6,22.9,23.6,25.4,25.8,21.1,17.6,19.0,21.2,19.6,16.8,18.1,18.3,20.3,21.7,25.4,24.5,22.4,19.4,19.6,20.5,19.4,16.7,16.4,17.0,14.7,14.7,16.5,17.8,17.0,17.6,19.3,20.9,16.9,13.5,14.7,14.3,16.1,16.3,19.7,19.6,18.7,16.9,18.4,18.7,20.7,19.4,18.2,15.7
2018,17.3,20.3,21.0,19.8,16.9,17.2,17.8,17.3,11.3,11.6,11.7,10.7,12.3,16.1,17.6,18.1,20.1,20.9,18.5,19.0,19.6,17.7,18.8,17.3,17.5,15.9,17.7,15.5,12.1,13.0,14.9,11.5,12.4,9.7,8.8,7.8,10.1,11.6,12.5,15.5,15.6,12.3,13.7,15.7,16.9,19.6,18.9,17.7,20.0,20.5,18.8,16.4,14.8,16.4,17.3,15.5,16.7,19.1,17.2,,20.9,21.9,21.4,23.5,22.0,17.2,19.3,13.3,13.3,16.2,18.8,18.1,19.3,21.7,21.3,20.1,19.8,21.9,23.1,18.9,14.8,14.6,17.7,19.9,22.2,21.4,21.0,22.8,24.1,23.4,23.9,24.8,23.7,23.6,24.0,24.5,19.4,15.2,19.2,20.7,22.4,24.5,24.1,26.0,26.3,19.2,19.3,17.3,20.6,24.1,25.1,25.3,26.4,27.3,23.0,20.9,23.2,23.5,24.7,25.7,26.5,27.0,28.4,22.1,24.2,26.0,27.7,28.8,24.8,22.7,23.4,25.6,26.8,28.0,28.3,28.2,29.0,30.2,30.3,29.3,29.9,28.9,29.2,26.5,27.4,28.8,29.6,30.0,30.4,29.6,29.5,30.2,24.9,25.2,27.3,28.9,29.0,28.2,29.8,30.5,28.9,27.7,25.6,28.1,27.8,26.2,24.7,26.4,28.4,28.1,28.7,29.4,29.6,28.7,29.1,29.7,29.9,30.0,30.1,30.6,29.0,29.1,29.9,31.0,31.1,31.3,29.8,30.6,27.9,29.2,30.2,28.6,27.6,29.8,30.7,30.5,30.3,30.3,31.2,31.1,30.9,29.9,28.3,28.5,29.0,28.5,29.0,30.2,29.3,30.2,31.0,31.2,31.4,31.7,31.6,29.6,28.4,30.0,30.4,30.8,30.4,29.7,30.2,30.2,29.1,29.9,27.7,28.8,29.6,29.4,29.0,27.8,28.5,28.8,29.9,29.6,27.4,28.4,27.5,27.5,26.9,26.5,26.0,27.2,27.5,28.5,29.3,30.4,29.3,28.5,27.6,26.7,24.3,24.8,29.1,28.9,29.5,30.0,29.0,30.0,30.5,30.4,30.1,28.7,29.2,28.8,28.1,26.7,27.4,24.4,25.1,24.6,22.7,23.8,25.4,24.5,24.3,22.0,25.0,25.5,23.7,24.0,24.5,23.5,20.9,19.8,21.6,24.1,25.1,23.9,20.9,22.9,21.2,22.1,23.6,24.0,22.8,23.9,25.1,24.9,22.4,20.5,21.5,22.6,20.1,19.5,21.5,23.5,24.3,23.8,25.5,25.2,24.7,22.9,24.4,23.7,23.7,21.9,21.8,23.6,24.0,21.9,23.9,20.8,22.5,23.3,18.2,18.4,21.9,23.3,20.5,20.7,19.5,20.7,22.3,22.4,22.5,22.0,23.0,22.1,23.2,18.8,18.0,17.9,20.7,19.6,16.0,17.2,17.6,19.6,19.7,15.7,17.2,18.9,19.3,21.4,21.8,20.0,17.3,21.2,20.2,17.1,15.0,13.7,15.4,16.2
2019,16.4,17.2,18.5,21.4,19.8,17.9,20.5,19.9,19.1,21.9,21.5,19.5,18.7,19.9,20.4,16.6,15.6,18.1,17.9,18.0,15.1,13.7,15.8,17.5,17.8,15.2,15.3,17.1,19.7,19.5,19.2,14.9,18.8,20.7,17.9,18.1,20.3,21.7,16.8,16.3,17.0,16.6,20.6,18.7,18.9,21.2,18.0,17.0,20.3,20.6,22.5,21.6,17.4,14.4,15.4,17.3,17.9,20.0,18.7,,19.6,21.6,18.6,18.2,19.6,17.5,13.5,15.3,17.6,16.9,16.8,20.2,20.1,19.5,17.2,19.2,19.7,21.0,21.4,24.2,25.8,20.6,16.0,16.8,18.2,20.2,22.2,25.4,23.2,20.9,19.0,16.4,19.6,20.3,23.5,21.3,22.3,24.7,25.7,26.6,24.9,21.1,19.4,21.2,22.3,20.3,19.2,22.4,24.4,24.0,24.6,25.2,26.7,28.5,28.4,28.9,26.6,23.7,25.0,26.7,27.3,21.1,19.6,22.0,23.1,25.0,21.1,19.0,21.5,21.3,22.3,23.8,26.6,27.8,26.9,27.3,28.8,26.0,28.2,30.0,24.2,23.5,23.5,23.9,27.3,27.7,27.5,26.8,24.1,22.8,26.3,28.2,27.2,29.8,28.0,27.2,28.6,29.8,30.4,29.9,30.1,27.2,24.5,24.2,24.2,24.1,25.8,28.5,28.6,29.5,30.8,31.2,31.3,29.1,25.9,25.4,27.1,27.3,28.0,29.8,30.4,30.3,30.7,29.1,28.9,29.9,30.5,29.9,31.1,30.8,30.6,31.0,30.2,28.7,30.6,30.5,30.1,31.0,30.5,28.5,29.8,30.2,28.7,27.4,27.2,28.9,30.3,29.8,29.2,29.6,30.4,30.9,31.4,31.1,30.5,30.3,31.7,31.1,31.0,29.0,28.5,28.7,32.3,31.8,30.0,30.7,30.8,30.7,30.4,31.3,28.7,27.5,28.2,27.4,29.6,30.7,29.2,30.0,29.7,29.6,30.4,31.2,27.6,30.3,30.7,30.8,30.4,27.2,26.1,28.8,29.0,28.0,28.5,29.8,30.6,30.3,29.8,28.7,26.6,26.7,26.4,26.4,25.5,22.4,21.6,23.5,24.1,24.5,25.3,25.9,25.4,25.1,27.1,25.5,27.0,28.0,27.6,26.9,27.6,27.6,28.0,27.0,25.6,25.9,25.9,26.0,25.9,24.8,23.5,22.7,23.9,22.9,22.6,23.0,22.9,23.9,24.2,24.2,24.3,24.1,24.6,24.0,21.6,22.6,23.4,24.2,24.6,24.0,22.1,21.5,23.1,23.6,22.3,21.2,21.1,21.0,23.0,22.6,20.8,21.6,23.0,22.7,21.2,18.3,19.0,20.6,21.7,23.4,23.6,21.3,20.4,20.7,18.3,19.0,21.1,20.5,16.3,16.9,17.2,15.1,15.0,14.1,15.7,18.6,19.2,19.4,18.9,19.8,20.5,22.2,20.3,21.8,20.3,19.6,18.5,19.8,19.5,19.7,19.3,20.8,19.4,15.6,19.3,18.6,19.2,15.6
2020,16.0,19.7,20.1,20.0,21.4,20.2,20.9,17.7,18.9,21.0,18.8,14.9,16.1,17.1,18.1,18.8,15.0,14.0,14.6,15.6,18.2,19.7,20.7,20.7,19.6,17.5,14.5,13.2,11.5,10.7,11.2,13.8,16.8,16.8,16.8,15.8,19.6,16.0,15.7,14.8,16.7,18.2,20.1,21.3,21.1,22.9,14.1,11.5,13.3,17.2,17.2,19.0,18.6,19.2,22.1,22.2,22.3,19.5,20.9,21.6,20.5,17.2,20.3,17.9,14.9,19.5,21.4,23.3,22.8,17.8,17.7,20.2,19.2,16.0,17.3,19.2,20.2,20.3,19.7,21.7,23.9,25.2,21.5,21.9,23.8,25.8,24.1,18.0,17.6,19.5,20.9,17.6,19.1,19.9,17.9,17.6,18.3,16.5,18.8,20.1,22.9,20.2,15.2,16.4,19.7,20.7,22.1,23.0,24.2,25.2,24.0,22.6,19.4,17.8,16.8,20.3,20.6,22.3,23.9,25.4,24.9,25.4,26.5,27.6,29.1,29.2,26.6,25.8,27.9,29.9,29.2,26.1,23.5,26.4,28.4,28.5,26.9,28.0,25.7,23.4,24.6,25.1,24.0,23.6,26.3,26.9,27.6,24.7,23.1,25.6,28.4,29.2,29.2,29.1,30.1,30.2,30.4,30.3,26.7,26.4,26.9,29.1,29.5,29.8,30.4,28.4,29.8,30.4,30.9,31.1,31.1,31.1,31.0,31.1,31.9,31.5,31.3,28.8,30.6,30.4,30.9,30.9,29.4,27.6,29.5,30.6,30.6,30.9,30.9,31.1,31.1,31.2,31.1,31.5,31.9,31.5,31.3,31.3,31.8,32.1,30.1,28.6,29.0,30.2,29.7,31.5,30.2,28.5,27.7,27.9,30.7,30.4,32.3,31.5,30.1,26.5,27.5,29.1,30.5,30.5,30.3,29.9,28.9,27.6,28.6,29.4,28.7,28.2,29.0,30.9,30.9,31.1,31.0,31.0,27.6,29.1,30.7,31.7,30.8,27.9,28.5,29.3,30.7,28.6,29.0,31.1,28.2,28.9,28.4,26.7,27.6,28.4,28.7,27.4,28.8,28.6,27.7,29.1,29.4,29.3,30.0,29.8,29.8,26.7,27.2,26.9,27.3,24.6,23.7,24.0,21.7,22.3,24.5,21.4,24.9,26.8,27.8,28.6,24.3,23.8,24.1,23.7,22.8,23.9,25.6,26.1,24.8,25.2,25.4,25.3,23.4,22.6,22.6,24.0,25.4,21.6,20.1,22.1,23.9,25.3,25.8,25.6,24.2,22.8,23.1,25.0,24.3,21.1,21.4,22.7,27.0,26.3,20.3,20.5,20.2,22.1,22.2,21.8,21.9,24.9,25.2,25.9,25.1,25.8,24.9,24.0,23.8,21.9,22.6,24.6,25.5,21.7,20.0,18.9,18.8,18.8,19.2,16.6,16.9,17.9,19.6,20.4,18.7,19.3,21.1,20.4,19.6,20.1,17.8,15.8,15.6,16.9,18.6,16.7,16.2,15.9,18.9,19.2,17.9,17.3,19.3,19.2,20.1,20.9,12.0,9.5
2021,13.3,14.4,17.9,18.2,16.7,15.1,11.9,7.6,9.1,12.8,11.1,10.0,13.3,14.7,15.2,17.2,13.5,14.2,17.2,20.9,22.0,22.5,19.9,17.8,18.6,18.3,18.4,15.9,15.1,18.1,17.6,17.7,16.6,19.0,20.0,20.8,19.4,20.8,19.3,17.3,21.2,18.8,19.9,19.1,18.4,18.6,20.6,15.5,14.4,15.3,16.1,17.2,18.7,20.9,23.4,22.5,20.5,16.8,17.8,,21.2,16.3,17.0,17.8,20.7,18.0,17.8,18.1,20.0,19.4,21.7,20.1,19.1,20.6,21.7,22.8,21.8,21.5,22.9,23.0,17.1,13.4,17.7,15.9,16.8,22.1,22.9,23.8,24.7,25.4,24.2,26.0,25.9,25.2,19.7,17.8,19.0,20.9,19.6,16.9,19.0,23.3,24.1,23.0,19.8,20.9,21.8,22.1,20.9,21.9,24.1,25.2,27.1,24.5,24.9,23.2,24.7,23.8,21.8,19.5,23.0,24.8,26.0,26.5,27.4,22.6,24.5,27.3,26.3,26.9,28.6,29.2,29.9,29.7,29.3,29.7,30.8,30.0,29.0,28.8,30.1,29.5,29.1,30.1,28.6,27.2,29.1,30.7,31.1,27.0,26.1,24.4,26.4,27.9,30.0,27.8,25.0,24.1,26.5,28.5,28.5,28.9,29.5,29.8,29.6,30.7,31.1,31.6,32.0,32.3,32.3,31.7,30.9,27.4,25.5,25.8,26.4,29.0,30.5,30.1,30.9,30.7,30.9,31.0,30.3,30.2,30.7,30.8,29.2,30.6,31.3,30.1,30.0,29.1,28.9,29.9,30.7,30.8,31.0,30.9,31.8,30.6,27.8,27.5,27.6,27.6,32.0,31.6,31.3,30.3,28.6,28.5,27.5,28.2,28.3,27.8,27.8,27.7,26.4,25.2,29.8,29.1,28.6,29.0,29.7,28.1,27.8,28.7,29.7,29.9,28.4,27.4,27.6,28.2,29.1,29.9,28.2,27.8,29.1,29.7,30.6,30.7,30.8,30.5,30.1,29.3,29.2,28.0,29.1,29.0,29.9,30.5,30.8,31.0,30.0,26.8,30.2,30.3,29.3,27.6,28.2,29.0,29.8,30.3,29.2,29.4,29.9,29.7,28.6,28.6,28.9,28.3,27.9,28.4,28.1,28.4,29.3,30.2,29.3,29.7,30.2,30.1,29.5,29.7,26.7,28.1,27.8,28.3,28.8,27.7,22.4,22.7,23.9,24.5,22.2,19.7,20.0,20.3,21.4,23.9,23.9,23.6,22.5,22.3,23.4,23.3,22.9,23.3,23.6,24.8,25.4,25.3,19.9,17.4,18.0,19.4,19.1,17.9,18.9,21.8,24.2,23.7,21.1,22.3,22.6,23.8,18.2,15.3,18.0,20.0,19.0,19.0,22.0,23.8,20.6,16.2,16.5,15.3,17.3,18.9,18.9,18.5,20.1,21.4,21.9,22.3,18.6,18.0,21.1,21.2,21.2,18.1,15.4,17.3,19.4,18.1,17.3,19.9,19.1,16.2,14.1,13.3,17.1,17.6,16.0,15.9
2022,17.2,16.9,18.6,18.6,19.0,16.8,16.1,16.4,17.7,17.7,13.5,13.2,13.7,15.2,16.6,17.8,17.0,16.4,17.0,17.3,17.2,18.7,18.9,17.5,19.2,21.0,21.0,19.0,17.1,13.8,15.9,16.7,17.1,15.9,14.5,14.1,14.9,17.3,15.8,16.8,17.4,19.8,18.5,18.5,14.9,16.7,16.9,17.4,16.8,15.8,11.1,13.3,15.2,13.4,13.5,17.1,18.1,18.7,20.9,,22.5,20.3,21.7,21.6,21.0,19.4,14.9,16.5,19.5,19.8,20.8,22.4,23.2,22.9,23.5,24.2,23.9,20.6,21.8,24.1,22.3,18.0,15.4,19.1,23.1,22.9,16.7,16.4,21.9,23.4,21.2,16.4,14.3,15.2,19.0,22.0,21.5,21.5,22.7,24.5,25.4,25.9,26.1,25.6,21.9,19.0,19.0,18.5,19.8,17.3,19.5,22.3,25.4,26.2,26.5,27.0,28.7,27.4,26.9,25.1,21.4,19.0,16.1,20.1,23.0,24.1,24.8,25.3,25.2,25.1,26.0,24.8,25.2,25.6,22.1,19.4,17.8,20.4,24.2,25.1,24.4,23.3,23.1,23.4,22.9,23.0,23.6,22.5,25.5,28.3,28.9,26.2,28.8,29.4,29.2,29.3,30.5,27.4,22.9,22.3,25.1,26.5,26.5,24.4,28.5,29.2,25.8,26.0,28.1,29.7,29.2,29.7,29.2,30.5,28.5,27.5,27.1,28.7,29.2,29.5,29.1,30.1,30.5,27.8,29.3,28.1,27.4,28.9,28.7,29.8,30.7,30.8,30.5,30.8,30.6,30.6,31.0,32.2,31.9,31.1,30.1,29.6,31.2,32.2,32.6,32.3,31.8,30.3,31.1,30.9,30.2,29.5,31.1,30.1,26.9,29.2,29.4,29.9,31.0,30.6,30.0,30.8,30.3,30.4,30.2,30.3,30.8,29.6,29.8,29.6,29.5,29.6,30.3,30.7,31.6,31.5,30.7,28.6,30.4,30.5,29.8,30.7,30.1,30.4,27.9,26.2,27.1,26.9,29.7,27.1,27.4,27.7,27.3,27.0,25.4,26.2,25.9,27.1,27.0,27.7,27.1,27.6,27.5,26.5,25.7,26.4,25.8,24.4,25.6,28.8,29.2,29.8,29.5,28.9,28.9,29.5,29.2,29.0,27.1,25.9,25.4,23.8,23.7,20.7,21.2,22.3,23.2,23.3,23.9,25.4,23.2,19.3,21.0,22.9,24.6,26.4,22.7,22.4,22.0,24.0,24.8,24.2,23.0,23.3,22.2,21.1,22.5,23.9,21.6,20.2,21.4,23.1,23.0,26.4,25.5,26.1,25.0,24.6,24.3,25.0,23.6,24.3,25.0,25.4,24.6,24.7,25.5,22.0,20.9,21.9,21.8,24.2,25.0,26.1,19.8,18.1,19.4,21.7,21.5,18.4,17.8,18.9,18.7,18.5,18.9,16.9,16.4,15.8,14.9,16.7,18.3,13.1,10.6,15.2,19.0,15.0,13.6,11.5,11.4,12.0,14.8,16.4,17.1,16.5,16.6,16.3
